Breed,Origin,Fédération Cynologique Internationale[3],American Kennel Club[4],Australian National Kennel Council[5],Canadian Kennel Club[6],The Kennel Club[7],New Zealand Kennel Club[8],United Kennel Club[9]
Affenpinscher,"Germany, France",Group 02 Section 01 #186,Toy Group,Group 01 (Toys),Group 05 - Toys,Toy,Toy,Companion Dog
Afghan Hound,Afghanistan,Group 10 Section 01 #228,Hound Group,Group 04 (Hounds),Group 02 - Hounds,Hound,Hound,Sighthound and Pariah
Afghan Shepherd,Afghanistan,,,,,,,
Aidi,Morocco,Group 02 Section 02 #247,,,,,,Guardian Dog
Airedale Terrier,United Kingdom (England),Group 03 Section 01 #007,Terrier Group,Group 02 (Terriers),Group 04 - Terriers,Terrier,Terrier,Terrier
Akbash,Turkey,,,,,,,Guardian Dog
Akita,Japan,Group 05 Section 05 #255,See American Akita,Group 06 (Utility),See American Akita,Utility,Utility,Northern Breed
Alano Español,Spain,,,,,,,
Alaskan husky,United States,,,,,,,
Alaskan Klee Kai,United States,,,,,,,Northern Breed
Alaskan Malamute,United States,Group 05 Section 01 #243,Working Group,Group 06 (Utility),Group 03 - Working Dogs,Working,Utility,Northern Breed
Alaunt,Albania,Extinct,Extinct,Extinct,Extinct,Extinct,Extinct,Extinct
Alopekis,Greece,,,,,,,
Alpine Dachsbracke,Austria,Group 06 Section 02 #254,,,,,,Scenthound
Alpine Mastiff,Switzerland,Extinct,Extinct,Extinct,Extinct,Extinct,Extinct,Extinct
Alpine Spaniel,"Switzerland, Savoy",Extinct,Extinct,Extinct,Extinct,Extinct,Extinct,Extinct
American Akita,Japan/United States,Group 05 Section 05 #344,Working Group,Group 06 (Utility),Group 03 - Working Dogs,Utility,Utility,Northern Breed
American Bulldog,United States,,,,,,,Guardian Dog
American Bully,United States,,,,,,,Companion Dog
American Cocker Spaniel,United States,Group 08 Section 02 #167,Sporting Group,Group 03 (Gundogs),Group 01 - Sporting Dogs,Gundog,Gundog,Gun Dog
American English Coonhound,United States,,Hound Group,,,,,Scenthound
American Eskimo Dog,Germany,,Non-Sporting Group,,"Group 05 - Toys, Group 06 - Non-Sporting",,,Northern Breed
American Foxhound,United States,Group 06 Section 01 #303,Hound Group,,Group 02 - Hounds,,,Scenthound
American Hairless Terrier,United States,,Terrier Group,Group 02 (Terriers),,,,Terrier
American Pit Bull Terrier,United States,,,,,,,Terrier
American Staffordshire Terrier,United States,Group 03 Section 03 #286,Terrier Group,Group 02 (Terriers),Group 04 - Terriers,,Terrier,
American Water Spaniel,United States,Group 08 Section 03 #301,Sporting Group,,Group 01 - Sporting Dogs,Gundog,,Gun Dog
Anatolian Shepherd Dog,Turkey,See Kangal Shepherd Dog,Working Group,Group 06 (Utility),"Group 03 - Working Dogs, listed",Pastoral,Utility,Guardian Dog
Andalusian Hound,Spain,,,,,,,
Anglo-Français de Petite Vénerie,France,Group 06 Section 01 #325,,,,,,Scenthound
Appenzeller Sennenhund,Switzerland,Group 02 Section 03 #046,FSS,,,,,Guardian Dog
Argentine Polar Dog,Argentina,Extinct,Extinct,Extinct,Extinct,Extinct,Extinct,Extinct
Ariegeois,France,Group 06 Section 01 #020,,,,,,Scenthound
Armant,Egypt,,,,,,,
Armenian Gampr dog,Armenia,,,,,,,
Artois Hound,France,Group 06 Section 01 #028,,,,,,Scenthound
Australian Cattle Dog,Australia,Group 01 Section 02 #287,Herding Group,Group 05 (Working Dogs),Group 07 - Herding Dogs,Pastoral,Working,Herding Dog
Australian Kelpie,Australia,Group 01 Section 01 #293,FSS (as Working Kelpie and Australian Kelpie),Group 05 (Working Dogs),"Group 07 - Herding Dogs, listed",,Working,Herding Dog
Australian Shepherd,United States,Group 01 Section 01 #342,Herding Group,Group 05 (Working Dogs),Group 07 - Herding Dogs,Pastoral,Working,Herding Dog
Australian Stumpy Tail Cattle Dog[10],Australia,Group 01 Section 02 #351 Provisional,FSS,Group 05 (Working Dogs),Group 07 - Herding Dogs,,Working,Herding Dog
Australian Terrier,Australia,Group 03 Section 02 #008,Terrier Group,Group 02 (Terriers),Group 04 - Terriers,Terrier,Terrier,Terrier
Austrian Black and Tan Hound,Austria,Group 06 Section 01 #063,,,,,,Scenthound
Austrian Pinscher,Austria,Group 02 Section 01 #064,,,,,,Terrier
Azawakh,Mali,Group 10 Section 03 #307,Hound Group,Group 04 (Hounds),,Hound,Hound,Sighthound and Pariah
Bakharwal dog,India,,,,,,,
Barbado da Terceira,Portugal,,,,,,,
Barbet,France,Group 08 Section 03 #105,Miscellaneous,,Group 01 - Sporting Dogs,Gundog,,Gun Dog
Basenji,Democratic Republic of the Congo,Group 05 Section 06 #043,Hound Group,Group 04 (Hounds),Group 02 - Hounds,Hound,Hound,Sighthound and Pariah
Basque Shepherd Dog,Spain,,,,,,,
Basset Artésien Normand,France,Group 06 Section 01 #034,,,,,,Scenthound
Basset Bleu de Gascogne,France,Group 06 Section 01 #035,,,,Hound,,Scenthound
Basset Fauve de Bretagne,France,Group 06 Section 01 #036,FSS,Group 04 (Hounds),,Hound,Hound,Scenthound
Basset Hound,France,Group 06 Section 01 #163,Hound Group,Group 04 (Hounds),Group 02 - Hounds,Hound,Hound,Scenthound
Bavarian Mountain Hound,Germany,Group 06 Section 02 #217,FSS,,,Hound,,Scenthound
Beagle,United Kingdom (England),Group 06 Section 01 #161,Hound Group,Group 04 (Hounds),Group 02 - Hounds,Hound,Hound,Scenthound
Beagle-Harrier,France,Group 06 Section 01 #290,,,,,,Scenthound
Bearded Collie,United Kingdom (Scotland),Group 01 Section 01 #271,Herding Group,Group 05 (Working Dogs),Group 07 - Herding Dogs,Pastoral,Working,Herding Dog
Beauceron,France,Group 01 Section 01 #044,Herding Group,,"Group 07 - Herding Dogs, listed",Pastoral,Working,Herding Dog
Bedlington Terrier,United Kingdom (England),Group 03 Section 01 #009,Terrier Group,Group 02 (Terriers),Group 04 - Terriers,Terrier,Terrier,Terrier
Belgian Shepherd Dog (Groenendael),Belgium,Group 01 Section 01 #015,Herding Group,Group 05 (Working Dogs),Group 07 - Herding Dogs,Pastoral,Working,Herding Dog
Belgian Shepherd Dog (Laekenois),Belgium,Group 01 Section 01 #015,Miscellaneous,Group 05 (Working Dogs),Group 07 - Herding Dogs,Pastoral,Working,Herding Dog
Belgian Shepherd Dog (Malinois),Belgium,Group 01 Section 01 #015,Herding Group,Group 05 (Working Dogs),Group 07 - Herding Dogs,Pastoral,Working,Herding Dog
Belgian Shepherd Dog (Tervuren),Belgium,Group 01 Section 01 #015,Herding Group,Group 05 (Working Dogs),Group 07 - Herding Dogs,Pastoral,Working,Herding Dog
Bergamasco Shepherd,Italy,Group 01 Section 01 #194,Herding Group,Group 05 (Working Dogs),,Pastoral,Working,Herding Dog
Berger Blanc Suisse,Switzerland,Group 01 Section 01 #347,,Group 05 (Working Dogs),,Pastoral,Working,
Berger Picard,France,Group 01 Section 01 #176,Herding Group,,Group 07 - Herding Dogs,Pastoral,,Herding Dog
Bernese Mountain Dog,Switzerland,Group 02 Section 03 #045,Working Group,Group 06 (Utility),Group 03 - Working Dogs,Working,Utility,Guardian Dog
Bichon Frisé,Spain,Group 09 Section 01 #215,Non-Sporting Group,Group 01 (Toys),Group 06 - Non-Sporting,Toy,Toy,Companion Dog
Billy,France,Group 06 Section 01 #025,,,,,,Scenthound
Black and Tan Coonhound,United States,Group 06 Section 01 #300,Hound Group,,Group 02 - Hounds,Hound,Hound,Scenthound
Black and Tan Virginia Foxhound,United States,,,,,,,
Black Norwegian Elkhound,Norway,Group 05 Section 02 #268,,,,,,
Black Russian Terrier,Russia,Group 02 Section 01 #327,Working Group,Group 06 (Utility),"Group 03 - Working Dogs, listed",Working,Utility,Guardian Dog
Black Mouth Cur,United States,,,,,,,Scenthound
Bloodhound,"Belgium, France",Group 06 Section 01 #084,Hound Group,Group 04 (Hounds),Group 02 - Hounds,Hound,Hound,Scenthound
Blue Heeler,Australia,See Australian Cattle Dog,,,,,,
Blue Lacy,United States,,,,,,,
Blue Paul Terrier,United Kingdom (Scotland),Extinct,Extinct,Extinct,Extinct,Extinct,Extinct,Extinct
Blue Picardy Spaniel,France,Group 07 Section 01 #106,,,Group 01 - Sporting Dogs,,,Gun Dog
Bluetick Coonhound,United States,,Hound Group,Group 04 (Hounds),,,Hound,Scenthound
Boerboel,South Africa,,Working Group,,,,,Guardian Dog
Bohemian Shepherd,Czech Republic,,FSS,,,,,
Bolognese,Italy,Group 09 Section 01 #196,FSS,,,Toy,Toy,Companion Dog
Border Collie,"United Kingdom (Scotland, England, Wales)",Group 01 Section 01 #297,Herding Group,Group 05 (Working Dogs),"Group 07 - Herding Dogs, listed",Pastoral,Working,Herding Dog
Border Terrier,"United Kingdom (Scotland, England)",Group 03 Section 01 #010,Terrier Group,Group 02 (Terriers),Group 04 - Terriers,Terrier,Terrier,Terrier
Borzoi,Russia,Group 10 Section 01 #193,Hound Group,Group 04 (Hounds),Group 02 - Hounds,Hound,Hound,Sighthound and Pariah
Bosnian Coarse-haired Hound,Bosnia and Herzegovina,Group 06 Section 01 #155,,,,,,Scenthound
Boston Terrier,United States,Group 09 Section 11 #140,Non-Sporting Group,Group 07 (Non-Sporting),Group 06 - Non-Sporting,Utility,Non Sporting,Companion Dog
Bouvier des Ardennes,Belgium,Group 01 Section 02 #171,,,,,,Herding Dog
Bouvier des Flandres,Belgium,Group 01 Section 02 #191,Herding Group,Group 05 (Working Dogs),Group 07 - Herding Dogs,Working,Working,Herding Dog
Boxer,Germany,Group 02 Section 02 #144,Working Group,Group 06 (Utility),Group 03 - Working Dogs,Working,Utility,Guardian Dog
Boykin Spaniel,United States,,Sporting Group,,,,,Gun Dog
Bracco Italiano,Italy,Group 07 Section 01 #202,FSS,Group 03 (Gundogs),,Gundog,Gundog,Gun Dog
Braque d'Auvergne,France,Group 07 Section 01 #180,,,"Group 01 - Sporting Dogs, listed",Gundog,,Gun Dog
Braque de l'Ariege,France,Group 07 Section 01 #177,,,,,,Gun Dog
Braque du Bourbonnais,France,Group 07 Section 01 #179,FSS,,,,,Gun Dog
Braque du Puy,France,Extinct,Extinct,Extinct,Extinct,Extinct,Extinct,Extinct
Braque Francais,France,"Group 07 Section 01 #133 (Gascogne), #134 (Pyrenees)",FSS (Pyrenean),,Group 01 - Sporting Dogs,,,"Gun Dog (Grande Taille, Petite Taille)"
Braque Saint-Germain,France,Group 07 Section 01 #115,,,,,,Gun Dog
Brazilian Dogo,Brazil,,,,,,,
Brazilian Terrier,Brazil,Group 03 Section 01 #341,,,,,,
Briard,France,Group 01 Section 01 #113,Herding Group,Group 05 (Working Dogs),Group 07 - Herding Dogs,Pastoral,Working,Herding Dog
Briquet Griffon Vendéen,France,Group 06 Section 01 #019,,,,,,Scenthound
Brittany,France,Group 07 Section 01 #095,Sporting Group,Group 03 (Gundogs),Group 01 - Sporting Dogs,Gundog,Gundog,Gun Dog
Broholmer,Denmark,Group 02 Section 02 #315,FSS,,,,,Guardian Dog
Bruno Jura Hound,"Switzerland, France",,,,,,,
Brussels Griffon,Belgium,"Group 09 Section 03 #080, 081, 082",Toy Group,Group 01 (Toys),Group 05 - Toys,Toy,Toy,Companion Dog
Bucovina Shepherd Dog,Romania,Group 02 Section 02 #357 Provisional,,,,,,
Bull and Terrier,United Kingdom (England),Extinct,Extinct,Extinct,Extinct,Extinct,Extinct,Extinct
Bull Terrier,United Kingdom (England),Group 03 Section 03 #011,Terrier Group,Group 02 (Terriers),Group 04 - Terriers,Terrier,Terrier,Terrier
Bulldog,United Kingdom (England),Group 02 Section 02 #149,Non-Sporting Group,Group 07 (Non-Sporting),Group 06 - Non-Sporting,Utility,Non Sporting,Companion Dog
Bullenbeisser,Germany,Extinct,Extinct,Extinct,Extinct,Extinct,Extinct,Extinct
Bullmastiff,United Kingdom (England),Group 02 Section 02 #157,Working Group,Group 06 (Utility),Group 03 - Working Dogs,Working,Utility,Guardian Dog
Bully Kutta,"Pakistan, India",,,,,,,
Burgos Pointer,Spain,Group 07 Section 01 #090,,,,,,Gun Dog
Cairn Terrier,United Kingdom (Scotland),Group 03 Section 02 #004,Terrier Group,Group 02 (Terriers),Group 04 - Terriers,Terrier,Terrier,Terrier
Canaan Dog,Middle East (Lebanon - Israel),Group 05 Section 06 #273,Herding Group,Group 07 (Non-Sporting),Group 03 - Working Dogs,Utility,Non Sporting,Sighthound and Pariah
Canadian Eskimo Dog,Canada,Group 05 Section 01 #211,,Group 06 (Utility),Group 03 - Working Dogs,Working,Utility,Northern Breed
Cane Corso,Italy,Group 02 Section 02 #343,Working Group,Group 06 (Utility),"Group 03 - Working Dogs, listed",,Utility,Guardian Dog
Cantabrian Water Dog,Spain,,,,,,,
Cão da Serra de Aires,Portugal,Group 01 Section 01 #093,FSS,,"Group 07 - Herding Dogs, listed",,,Herding Dog
Cão de Castro Laboreiro,Portugal,Group 02 Section 02 #170,,,,,,Guardian Dog
Cão de Gado Transmontano,Portugal,,,,,,,
Cão Fila de São Miguel,Portugal,Group 02 Section 02 #340,,,,,,
Carolina Dog,United States,,FSS,,,,,Sighthound and Pariah
Carpathian Shepherd Dog,Romania,Group 01 Section 01 #350,,,,,,Herding Dog
Catalan Sheepdog,Spain,Group 01 Section 01 #087,,,,Pastoral,,Herding Dog
Caucasian Shepherd Dog,"Georgia, Armenia, Azerbaijan",Group 02 Section 02 #328,FSS,,,,,Guardian Dog
Cavalier King Charles Spaniel,United Kingdom (England),Group 09 Section 07 #136,Toy Group,Group 01 (Toys),Group 05 - Toys,Toy,Toy,Companion Dog
Central Asian Shepherd Dog,Russia,Group 02 Section 02 #335,FSS,Group 06 (Utility),,,Utility,Guardian Dog
Cesky Fousek,Czech Republic,Group 07 Section 01 #245,,,,,Gundog,Gun Dog
Cesky Terrier,Czech Republic,Group 03 Section 02 #246,Terrier Group,Group 02 (Terriers),Group 04 - Terriers,Terrier,Terrier,Terrier
Chesapeake Bay Retriever,United States,Group 08 Section 01 #263,Sporting Group,Group 03 (Gundogs),Group 01 - Sporting Dogs,Gundog,Gundog,Gun Dog
Chien Français Blanc et Noir,France,Group 06 Section 01 #220,,,,,,Scenthound
Chien Français Blanc et Orange,France,Group 06 Section 01 #316,,,,,,Scenthound
Chien Français Tricolore,France,Group 06 Section 01 #219,,,,,,Scenthound
Chien-gris,France,Extinct,Extinct,Extinct,Extinct,Extinct,Extinct,Extinct
Chihuahua,Mexico,Group 09 Section 06 #218,Toy Group,Group 01 (Toys),Group 05 - Toys,Toy,Toy,Companion Dog
Chilean Terrier,Chile,,,,,,,
Chinese Chongqing Dog,China,,,,,,,
Chinese Crested Dog,China,Group 09 Section 04 #288,Toy Group,Group 01 (Toys),Group 05 - Toys,Toy,Toy,Companion Dog
Chinese Imperial Dog,China,,,,,,,
Chinook,United States,,Working Group,,,,,Northern Breed
Chippiparai,India,,,,,,,
Chiribaya Dog,Peru,Extinct,Extinct,Extinct,Extinct,Extinct,Extinct,Extinct
Chow Chow,China,Group 05 Section 05 #205,Non-Sporting Group,Group 07 (Non-Sporting),Group 06 - Non-Sporting,Utility,Non Sporting,Northern Breed
Cierny Sery,Slovakia,,,,,,,
Cirneco dell'Etna,Italy,Group 05 Section 07 #199,Hound Group,,,Hound,,Sighthound and Pariah
Clumber Spaniel,United Kingdom (England),Group 08 Section 02 #109,Sporting Group,Group 03 (Gundogs),Group 01 - Sporting Dogs,Gundog,Gundog,Gun Dog
"Collie, Rough",United Kingdom (Scotland),Group 01 Section 01 #156,Herding Group,Group 05 (Working Dogs),Group 07 - Herding Dogs,Pastoral,Working,Herding Dog
"Collie, Smooth",United Kingdom (Scotland),Group 01 Section 01 #296,Herding Group,Group 05 (Working Dogs),Group 07 - Herding Dogs,Pastoral,Working,Herding Dog
Combai,India,,,,,,,
Cordoba Fighting Dog,Argentina,Extinct,Extinct,Extinct,Extinct,Extinct,Extinct,Extinct
Coton de Tulear,Madagascar,Group 09 Section 01 #283,Non-Sporting Group,Group 01 (Toys),"Group 05 - Toys, listed",Toy,Toy,Companion Dog
Cretan Hound,Greece,,,,,,,
Croatian Sheepdog,Croatia,Group 01 Section 01 #277,FSS,,,,,Herding Dog
Cumberland Sheepdog,United Kingdom (England),Extinct,Extinct,Extinct,Extinct,Extinct,Extinct,Extinct
Curly-Coated Retriever,United Kingdom (England),Group 08 Section 01 #110,Sporting Group,,Group 01 - Sporting Dogs,Gundog,Gundog,Gun Dog
Cursinu,Corsica (France),,,,,,,
Czechoslovakian Wolfdog,"Czech Republic, Slovakia",Group 01 Section 01 #332,FSS,,,,,Herding Dog
Dachshund,Germany,Group 04 Section 01 #148,Hound Group,Group 04 (Hounds),Group 02 - Hounds,Hound,Hound,Scenthound
Dalbo dog,Sweden,Extinct,Extinct,Extinct,Extinct,Extinct,Extinct,Extinct
Dalmatian,Croatia,Group 06 Section 03 #153,Non-Sporting Group,Group 07 (Non-Sporting),Group 06 - Non-Sporting,Utility,Non Sporting,Companion Dog
Dandie Dinmont Terrier,United Kingdom (Scotland),Group 03 Section 02 #168,Terrier Group,Group 02 (Terriers),Group 04 - Terriers,Terrier,Terrier,Terrier
Danish-Swedish Farmdog,"Denmark, Sweden",Group 02 Section 01 #356 Provisional,FSS,,,,,Terrier
Deutsche Bracke,Germany,Group 06 Section 01 #299,,,,,,Scenthound
Doberman Pinscher,Germany,Group 02 Section 01 #143,Working Group,Group 06 (Utility),Group 03 - Working Dogs,Working,Utility,Guardian Dog
Dogo Argentino,Argentina,Group 02 Section 02 #292,Miscellaneous,,,,,Guardian Dog
Dogo Cubano,Cuba,Extinct,Extinct,Extinct,Extinct,Extinct,Extinct,Extinct
Dogue de Bordeaux,France,Group 02 Section 02 #116,Working Group,Group 06 (Utility),"Group 03 - Working Dogs, listed",Working,Utility,Guardian Dog
Drentse Patrijshond,Netherlands,Group 07 Section 01 #224,FSS,,,,,Gun Dog
Drever,Sweden,Group 06 Section 01 #130,FSS,,Group 02 - Hounds,,,Scenthound
Dunker,Norway,Group 06 Section 01 #203,,,,,,Scenthound
Dutch Shepherd,Netherlands,Group 01 Section 01 #223,Miscellaneous,Group 05 (Working Dogs),,,Working,Herding Dog
Dutch Smoushond,Netherlands,Group 02 Section 01 #308,,,,,,Terrier
East Siberian Laika,Russia,Group 05 Section 02 #305,,,,,,Northern Breed
East European Shepherd,Russia,,,,,,,
Elo,Germany,,,,,,,
English Cocker Spaniel,United Kingdom (England),Group 08 Section 02 #005,Sporting Group,Group 03 (Gundogs),Group 01 - Sporting Dogs,Gundog,Gundog,Gun Dog
English Foxhound,United Kingdom (England),Group 06 Section 01 #159,Hound Group,Group 04 (Hounds),Group 02 - Hounds,Hound,Hound,Scenthound
English Mastiff,United Kingdom (England),Group 02 Section 02 #264,Working Group,Group 06 (Utility),Group 03 - Working Dogs,Working,Utility,Guardian Dog
English Pointer,United Kingdom (England),Group 07 Section 02 #001,Sporting Group,Group 03 (Gundogs),Group 01 - Sporting Dogs,Gundog,Gundog,Gun Dog
English Setter,United Kingdom (England),Group 07 Section 02 #002,Sporting Group,Group 03 (Gundogs),Group 01 - Sporting Dogs,Gundog,Gundog,Gun Dog
English Shepherd,United Kingdom (England),,,,,,,Herding Dog
English Springer Spaniel,United Kingdom (England),Group 08 Section 02 #125,Sporting Group,Group 03 (Gundogs),Group 01 - Sporting Dogs,Gundog,Gundog,Gun Dog
English Toy Terrier (Black & Tan),United Kingdom (England),Group 03 Section 04 #013,,Group 01 (Toys),,Toy,Toy,
English Water Spaniel,United Kingdom (England),Extinct,Extinct,Extinct,Extinct,Extinct,Extinct,Extinct
English White Terrier,United Kingdom (England),Extinct,Extinct,Extinct,Extinct,Extinct,Extinct,Extinct
Entlebucher Mountain Dog,Switzerland,Group 02 Section 03 #047,Herding Group,,Group 03 - Working Dogs,Working,,Guardian Dog
Estonian Hound,Estonia,,,,,,,
Estrela Mountain Dog,Portugal,Group 02 Section 02 #173,FSS,Group 06 (Utility),,Pastoral,Utility,Guardian Dog
Eurasier,Germany,Group 05 Section 05 #291,FSS,Group 07 (Non-Sporting),Group 03 - Working Dogs,Utility,Non Sporting,Northern Breed
Eurohound,Scandinavia,,,,,,,
Field Spaniel,United Kingdom (England),Group 08 Section 02 #123,Sporting Group,Group 03 (Gundogs),Group 01 - Sporting Dogs,Gundog,Gundog,Gun Dog
Fila Brasileiro,Brazil,Group 02 Section 02 #225,,,,,,
Finnish Hound,Finland,Group 06 Section 01 #051,,,,,,Scenthound
Finnish Lapphund,Finland,Group 05 Section 03 #189,Herding Group,Group 05 (Working Dogs),"Group 07 - Herding Dogs, listed",Pastoral,Working,Northern Breed
Finnish Spitz,Finland,Group 05 Section 02 #049,Non-Sporting Group,Group 04 (Hounds),Group 02 - Hounds,Hound,Hound,Northern Breed
Flat-Coated Retriever,United Kingdom (England),Group 08 Section 01 #121,Sporting Group,Group 03 (Gundogs),Group 01 - Sporting Dogs,Gundog,Gundog,Gun Dog
"Fox Terrier, Smooth",United Kingdom (England),Group 03 Section 01 #012,Terrier Group,Group 02 (Terriers),Group 04 - Terriers,Terrier,Terrier,Terrier
"Fox Terrier, Wire",United Kingdom (England),Group 03 Section 01 #169,Terrier Group,Group 02 (Terriers),Group 04 - Terriers,Terrier,Terrier,Terrier
French Brittany,France,,,,,,,Gun Dog
French Bulldog,"United Kingdom (England), France",Group 09 Section 11 #101,Non-Sporting Group,Group 07 (Non-Sporting),Group 06 - Non-Sporting,Utility,Non Sporting,Companion Dog
French Spaniel,France,Group 07 Section 01 #175,FSS,,Group 01 - Sporting Dogs,,,Gun Dog
Gaddi Kutta,India,,,,,,,
Galgo Español,Spain,Group 10 Section 03 #285,,,,,,Sighthound and Pariah
Galician Shepherd Dog,Spain,,,,,,,
Garafian Shepherd,Spain,,,,,,,
Gascon Saintongeois,France,Group 06 Section 01 #21,,,,,,Scenthound (Grand and Petit)
Georgian Shepherd,Georgia,,,,,,,
German Longhaired Pointer,Germany,Group 07 Section 01 #117,FSS,,Group 01 - Sporting Dogs,Gundog,,Gun Dog
German Pinscher,Germany,Group 02 Section 01 #184,Working Group,Group 06 (Utility),Group 06 - Non-Sporting,Working,Utility,Terrier
German Roughhaired Pointer,Germany,Group 07 Section 01 #232,,,,,,Gun Dog
German Shepherd Dog,Germany,Group 01 Section 01 #166,Herding Group,Group 05 (Working Dogs),Group 07 - Herding Dogs,Pastoral,Working,Herding Dog
German Shorthaired Pointer,Germany,Group 07 Section 01 #119,Sporting Group,Group 03 (Gundogs),Group 01 - Sporting Dogs,Gundog,Gundog,Gun Dog
German Spaniel,Germany,Group 08 Section 02 #104,FSS,,,,,Gun Dog
German Spitz,Germany,Group 05 Section 04 #097,FSS,"Group 07 (Non-Sporting) (Klein, Mittel only)",,"Utility (Klein, Mittel only)","Non Sporting (Klein, Mittel only)",Northern Breed
German Wirehaired Pointer,Germany,Group 07 Section 01 #098,Sporting Group,Group 03 (Gundogs),Group 01 - Sporting Dogs,Gundog,Gundog,Gun Dog
Giant Schnauzer,Germany,Group 02 Section 01 #181,Working Group,Group 06 (Utility),Group 03 - Working Dogs,Working,Utility,Guardian Dog
Glen of Imaal Terrier,Ireland,Group 03 Section 01 #302,Terrier Group,Group 02 (Terriers),"Group 04 - Terriers, listed",Terrier,Terrier,Terrier
Golden Retriever,United Kingdom (Scotland),Group 08 Section 01 #111,Sporting Group,Group 03 (Gundogs),Group 01 - Sporting Dogs,Gundog,Gundog,Gun Dog
Gordon Setter,United Kingdom (Scotland),Group 07 Section 02 #006,Sporting Group,Group 03 (Gundogs),Group 01 - Sporting Dogs,Gundog,Gundog,Gun Dog
Gran Mastín de Borínquen,Puerto Rico,,,,,,,
Grand Anglo-Français Blanc et Noir,France,Group 06 Section 01 #323,,,,,,Scenthound
Grand Anglo-Français Blanc et Orange,France,Group 06 Section 01 #324,,,,,,Scenthound
Grand Anglo-Français Tricolore,France,Group 06 Section 01 #322,,,,,,Scenthound
Grand Basset Griffon Vendéen,France,Group 06 Section 01 #033,Hound Group,Group 04 (Hounds),,Hound,Hound,Scenthound
Grand Bleu de Gascogne,France,Group 06 Section 01 #022,,,,Hound,,Scenthound
Grand Griffon Vendéen,France,Group 06 Section 01 #282,,,,,,Scenthound
Great Dane,Germany,Group 02 Section 02 #235,Working Group,Group 07 (Non-Sporting),Group 03 - Working Dogs,Working,Non Sporting,Guardian Dog
Great Pyrenees,"France, Spain",Group 02 Section 02 #137,Working Group,Group 06 (Utility),Group 03 - Working Dogs,Pastoral,Utility,Guardian Dog
Greater Swiss Mountain Dog,Switzerland,Group 02 Section 03 #058,Working Group,,Group 03 - Working Dogs,Working,Utility,Guardian Dog
Greek Harehound,Greece,Group 06 Section 01 #214,,,,,,Scenthound
Greek Shepherd,Greece,,,,,,,Guardian Dog
Greenland Dog,Greenland,Group 05 Section 01 #274,,,Group 03 - Working Dogs,Working,,Northern Breed
Greyhound,"United Kingdom (England), Middle East",Group 10 Section 03 #158,Hound Group,Group 04 (Hounds),Group 02 - Hounds,Hound,Hound,Sighthound and Pariah
Griffon Bleu de Gascogne,France,Group 06 Section 01 #032,,,,,,Scenthound
Griffon Fauve de Bretagne,France,Group 06 Section 01 #066,,,,Hound,,Scenthound
Griffon Nivernais,France,Group 06 Section 01 #017,,,,,,Scenthound
Guatemalan Dogo,Guatemala,,,,,,,
Gull Terrier,"India, Pakistan",,,,,,,
Hamiltonstövare,Sweden,Group 06 Section 01 #132,FSS,Group 04 (Hounds),,Hound,Hound,Scenthound
Hanover Hound,Germany,Group 06 Section 02 #213,FSS,,,,,Scenthound
Hare Indian Dog,"Canada, United States",Extinct,Extinct,Extinct,Extinct,Extinct,Extinct,Extinct
Harrier,United Kingdom (England),Group 06 Section 01 #295,Hound Group,Group 04 (Hounds),Group 02 - Hounds,,Hound,Scenthound
Havanese,Cuba,Group 09 Section 01 #250,Toy Group,Group 01 (Toys),Group 05 - Toys,Toy,Toy,Companion Dog
Hawaiian Poi Dog,United States,Extinct,Extinct,Extinct,Extinct,Extinct,Extinct,Extinct
Himalayan Sheepdog,Nepal,,,,,,,
Hokkaido,Japan,Group 05 Section 05 #261,FSS,,,,,Northern Breed
Hortaya borzaya,"Ukraine, Belarus, Southern Russia",,,,,,,
Hovawart,Germany,Group 02 Section 02 #190,FSS,,Group 03 - Working Dogs,Working,,Guardian Dog
Huntaway,New Zealand,,,,,,Working,
Hygen Hound,Norway,Group 06 Section 01 #266,,,,,,Scenthound
Ibizan Hound,Spain,Group 05 Section 07 #089,Hound Group,Group 04 (Hounds),Group 02 - Hounds,Hound,Hound,Sighthound and Pariah
Icelandic Sheepdog,Iceland,Group 05 Section 03 #289,Herding Group,Group 05 (Working Dogs),Group 07 - Herding Dogs,,Working,Herding Dog
Indian pariah dog,India,,,,,,,
Indian Spitz,India,,,,,,,
Irish Red and White Setter,Ireland,Group 07 Section 02 #330,Sporting Group,Group 03 (Gundogs),Group 01 - Sporting Dogs,Gundog,Gundog,Gun Dog
Irish Setter,Ireland,Group 07 Section 02 #120,Sporting Group,Group 03 (Gundogs),Group 01 - Sporting Dogs,Gundog,Gundog,Gun Dog
Irish Terrier,Ireland,Group 03 Section 01 #139,Terrier Group,Group 02 (Terriers),Group 04 - Terriers,Terrier,Terrier,Terrier
Irish Water Spaniel,Ireland,Group 08 Section 03 #124,Sporting Group,Group 03 (Gundogs),Group 01 - Sporting Dogs,Gundog,Gundog,Gun Dog
Irish Wolfhound,Ireland,Group 10 Section 02 #160,Hound Group,Group 04 (Hounds),Group 02 - Hounds,Hound,Hound,Sighthound and Pariah
Istrian Coarse-haired Hound,Croatia,Group 06 Section 01 #152,,,,,,Scenthound
Istrian Short-haired Hound,Croatia,Group 06 Section 01 #151,,,,,,Scenthound
Italian Greyhound,Italy,Group 10 Section 03 #200,Toy Group,Group 01 (Toys),Group 05 - Toys,Toy,Toy,Companion Dog
Jack Russell Terrier,United Kingdom (England),Group 03 Section 02 #345,,Group 02 (Terriers),,Terrier,Terrier,Terrier
Jagdterrier,Germany,Group 03 Section 01 #103,FSS,Group 02 (Terriers),,,Terrier,Terrier
Swedish Elkhound,Sweden,Group 05 Section 02 #042,,,,,,Northern Breed
Japanese Chin,Japan,Group 09 Section 08 #206,Toy Group,Group 01 (Toys),Group 05 - Toys,Toy,Toy,Companion Dog
Japanese Spitz,Japan,Group 05 Section 05 #262,FFS,Group 07 (Non-Sporting),Group 06 - Non-Sporting,Utility,Non Sporting,Northern Breed
Japanese Terrier,Japan,Group 03 Section 02 #259,,,,,,Terrier
Jindo,South Korea,Group 05 Section 05 #334,FSS,,,,Utility,Northern Breed
Jonangi,India,,,,,,,
Kaikadi dog,India,,,,,,,
Kai Ken,Japan,Group 05 Section 05 #317,FSS,,,,,Northern Breed
Kangal Shepherd Dog,Turkey,Group 02 Section 02 #331,,Group 06 (Utility),,Pastoral,Utility,Guardian Dog
Kanni,India,,,,,,,
Karakachan dog,Bulgaria,,,,,,,
Karelian Bear Dog,Finland,Group 05 Section 02 #048,FSS,,Group 03 - Working Dogs,,,Northern Breed
Karst Shepherd,Slovenia,Group 02 Section 02 #278,,,,,,Guardian Dog
Keeshond,"Netherlands, Germany",Group 05 Section 04 #097,Non-Sporting Group,Group 07 (Non-Sporting),Group 06 - Non-Sporting,Utility,Non Sporting,Northern Breed
Kerry Beagle,Ireland,,,,,,,
Kerry Blue Terrier,Ireland,Group 03 Section 01 #003,Terrier Group,Group 02 (Terriers),Group 04 - Terriers,Terrier,Terrier,Terrier
King Charles Spaniel,United Kingdom (England),Group 09 Section 07 #128,Toy Group,Group 01 (Toys),Group 05 - Toys,Toy,Toy,Companion Dog
King Shepherd,United States,,,,,,,
Kintamani,Indonesia,Group 05 Section 05 #362 Provisional,,,,,,
Kishu Ken,Japan,Group 05 Section 05 #318,FSS,,,,,Northern Breed
Komondor,Hungary,Group 01 Section 01 #053,Working Group,Group 05 (Working Dogs),Group 03 - Working Dogs,Pastoral,Working,Guardian Dog
Koolie,Australia,,,,,,,
Koyun dog,Turkey,,,,,,,
Kromfohrländer,Germany,Group 09 Section 10 #192,FSS,,,,,Companion Dog
Kumaon Mastiff,India,,,,,,,
Kunming Wolfdog,China,,,,,,,
Kurī,New Zealand,Extinct,Extinct,Extinct,Extinct,Extinct,Extinct,Extinct
Kuvasz,Hungary,Group 01 Section 01 #054,Working Group,Group 05 (Working Dogs),Group 03 - Working Dogs,Pastoral,Working,Guardian Dog
Kyi-Leo,United States,,,,,,,
Labrador Husky,Canada,,,,,,,
Labrador Retriever,"Canada, United Kingdom (England)",Group 08 Section 01 #122,Sporting Group,Group 03 (Gundogs),Group 01 - Sporting Dogs,Gundog,Gundog,Gun Dog
Lagotto Romagnolo,Italy,Group 08 Section 03 #298,Sporting Group,,"Group 01 - Sporting Dogs, listed",Gundog,Gundog,Gun Dog
Lakeland Terrier,United Kingdom (England),Group 03 Section 01 #070,Terrier Group,Group 02 (Terriers),Group 04 - Terriers,Terrier,Terrier,Terrier
Lancashire Heeler,United Kingdom (England),Group 01 Section 01 #360,Miscellaneous,,"Group 07 - Herding Dogs, listed",Pastoral,,Herding Dog
Landseer,Canada,Group 02 Section 02 #226,,,,,,
Lapponian Herder,Finland,Group 05 Section 03 #284,FSS,,,,,Herding Dog
Lapponian Shepherd,Finland,Extinct,Extinct,Extinct,Extinct,Extinct,Extinct,Extinct
Leonberger,Germany,Group 02 Section 02 #145,Working Group,Group 06 (Utility),Group 03 - Working Dogs,Working,Utility,Guardian Dog
Lhasa Apso,Tibet,Group 09 Section 05 #227,Non-Sporting Group,Group 07 (Non-Sporting),Group 06 - Non-Sporting,Utility,Non Sporting,Companion Dog
Lithuanian Hound,Lithuania,,,,,,,
Louisiana Catahoula Leopard Dog,United States,,FSS,,,,,Herding Dog
Löwchen,"Germany, France, Netherlands, Spain",Group 09 Section 01 #233,Non-Sporting Group,Group 01 (Toys),Group 06 - Non-Sporting,Toy,Toy,Companion Dog
Mackenzie River husky,Canada and Alaska,,,,,,,
Magyar agár,"Hungary, Romania",Group 10 Section 03 #240,,,,,,Sighthound and Pariah
Mahratta Greyhound,India,,,,,,,
Maltese,Italy,Group 09 Section 01 #065,Toy Group,Group 01 (Toys),Group 05 - Toys,Toy,Toy,Companion Dog
Manchester Terrier,United Kingdom (England),Group 03 Section 01 #071,"Terrier Group, Toy Group",Group 02 (Terriers),Group 04 - Terriers,Terrier,Terrier,Terrier
Maremma Sheepdog,Italy,Group 01 Section 01 #201,,Group 05 (Working Dogs),,Pastoral,Working,Guardian Dog
Marquesan Dog,Marquesas Islands (French Polynesia),Extinct,Extinct,Extinct,Extinct,Extinct,Extinct,Extinct
McNab dog,United States,,,,,,,
Miniature American Shepherd,United States,,Herding Group,,"Group 7 - Herding Dogs, listed",,,Herding Dog
Miniature Bull Terrier,United Kingdom (England),Group 03 Section 03 #011,Terrier Group,Group 02 (Terriers),Group 04 - Terriers,Terrier,Terrier,Terrier
Miniature Fox Terrier,Australia,,,,,,,
Miniature Pinscher,Germany,Group 02 Section 01 #185,Toy Group,Group 01 (Toys),Group 05 - Toys,Toy,Toy,Companion Dog
Miniature Schnauzer,Germany,Group 02 Section 01 #183,Terrier Group,Group 06 (Utility),Group 04 - Terriers,Utility,Utility,Terrier
Miniature Shar Pei,China,,,,,,,
Molossus,Greece,Extinct,Extinct,Extinct,Extinct,Extinct,Extinct,Extinct
Molossus of Epirus,Greece,Extinct,Extinct,Extinct,Extinct,Extinct,Extinct,Extinct
Montenegrin Mountain Hound,Montenegro,Group 06 Section 01 #279,,,,,,Scenthound
Moscow Watchdog,Russia,,,,,,,
Moscow Water Dog,Russia,Extinct,Extinct,Extinct,Extinct,Extinct,Extinct,Extinct
Mountain Cur,United States,,FSS,,,,,Scenthound
Mucuchies,Venezuela,,,,,,,
Mudhol Hound,India,,,,,,,
Mudi,Hungary,Group 01 Section 01 #238,Miscellaneous,,"Group 07 - Herding Dogs, listed",,,Herding Dog
"Münsterländer, Large",Germany,Group 07 Section 01 #118,,Group 03 (Gundogs),,Gundog,Gundog,Gun Dog
"Münsterländer, Small",Germany,Group 07 Section 01 #102,FSS,,"Group 01 - Sporting Dogs, listed",Gundog,,Gun Dog
Neapolitan Mastiff,Italy,Group 02 Section 02 #197,Working Group,Group 06 (Utility),Group 03 - Working Dogs,Working,Utility,Guardian Dog
Nederlandse Kooikerhondje,Netherlands,Group 08 Section 02 #314,Sporting Group,,,Utility,,Gun Dog
Newfoundland,Canada,Group 02 Section 02 #050,Working Group,Group 06 (Utility),Group 03 - Working Dogs,Working,Utility,Guardian Dog
New Zealand Heading Dog,New Zealand,,,,,,,
Norfolk Spaniel,United Kingdom (England),Extinct,Extinct,Extinct,Extinct,Extinct,Extinct,Extinct
Norfolk Terrier,United Kingdom (England),Group 03 Section 02 #272,Terrier Group,Group 02 (Terriers),Group 04 - Terriers,Terrier,Terrier,Terrier
Norrbottenspets,Sweden,Group 05 Section 02 #276,Miscellaneous,,Group 02 - Hounds,,,Northern Breed
North Country Beagle,United Kingdom (England),Extinct,Extinct,Extinct,Extinct,Extinct,Extinct,Extinct
Northern Inuit Dog,United Kingdom (England),,,,,,,
Norwegian Buhund,Norway,Group 05 Section 03 #237,Herding Group,Group 05 (Working Dogs),Group 07 - Herding Dogs,Pastoral,Working,Northern Breed
Norwegian Elkhound,Norway,Group 05 Section 02 #242,Hound Group,Group 04 (Hounds),Group 02 - Hounds,Hound,Hound,Northern Breed
Norwegian Lundehund,Norway,Group 05 Section 02 #265,Non-Sporting Group,,Group 02 - Hounds,,,Northern Breed
Norwich Terrier,United Kingdom (England),Group 03 Section 02 #072,Terrier Group,Group 02 (Terriers),Group 04 - Terriers,Terrier,Terrier,Terrier
Nova Scotia Duck Tolling Retriever,Canada,Group 08 Section 01 #312,Sporting Group,Group 03 (Gundogs),Group 01 - Sporting Dogs,Gundog,Gundog,Gun Dog
Old Croatian Sighthound,Croatia,,,,,,,
Old Danish Pointer,Denmark,Group 07 Section 01 #281,,,,,,Gun Dog
Old English Bulldog,United Kingdom (England),Extinct,Extinct,Extinct,Extinct,Extinct,Extinct,Extinct
Old English Sheepdog,United Kingdom (England),Group 01 Section 01 #016,Herding Group,Group 05 (Working Dogs),Group 07 - Herding Dogs,Pastoral,Working,Herding Dog
Old English Terrier,United Kingdom (England),,,,,,,
Old German Shepherd Dog,Germany,,,,,,,
Old Spanish Pointer,Spain,Extinct,Extinct,Extinct,Extinct,Extinct,Extinct,Extinct
Old Time Farm Shepherd,United States,,,,,,,
Olde English Bulldogge,United States,,,,,,,Guardian Dog
Otterhound,United Kingdom (England),Group 06 Section 01 #294,Hound Group,Group 04 (Hounds),Group 02 - Hounds,Hound,Hound,Scenthound
Pachon Navarro,Spain,,,,,,,
Pandikona,India,,,,,,,
Paisley Terrier,United Kingdom (Scotland),Extinct,Extinct,Extinct,Extinct,Extinct,Extinct,Extinct
Papillon,"Spain, Belgium, France",Group 09 Section 09 #077,Toy Group,Group 01 (Toys),Group 05 - Toys,Toy,Toy,Companion Dog
Parson Russell Terrier,United Kingdom (England),Group 03 Section 01 #339,Terrier Group,Group 02 (Terriers),"Group 04 - Terriers, listed",Terrier,Terrier,Terrier
Pastore della Lessinia e del Lagorai,Italy,,,,,,,
Patterdale Terrier,United Kingdom (England),,,,,,,Terrier
Pekingese,China,Group 09 Section 08 #207,Toy Group,Group 01 (Toys),Group 05 - Toys,Toy,Toy,Companion Dog
Perro de Pastor Mallorquin,Spain,,,,,,,Herding Dog
Perro de Presa Canario,Spain,Group 02 Section 02 #346,FSS,,,,,Guardian Dog
Perro de Presa Mallorquin,Spain,Group 02 Section 02 #249,,,,,,Guardian Dog
Peruvian Inca Orchid,Peru,Group 05 Section 06 #310,Miscellaneous,Group 04 (Hounds),,,Hound,Sighthound and Pariah
Petit Basset Griffon Vendéen,France,Group 06 Section 01 #067,Hound Group,Group 04 (Hounds),Group 02 - Hounds,Hound,Hound,Scenthound
Petit Bleu de Gascogne,France,Group 06 Section 01 #031,,,,,,Scenthound
Phalène,"Belgium, Spain",Group 09 Section 09 #077,,,,,,
Pharaoh Hound,Malta,Group 05 Section 06 #248,Hound Group,Group 04 (Hounds),Group 02 - Hounds,Hound,Hound,Sighthound and Pariah
Phu Quoc Ridgeback,Vietnam,,,,,,,
Picardy Spaniel,France,Group 07 Section 01 #108,,,,,,Gun Dog
Plummer Terrier,United Kingdom,,,,,,,
Plott Hound,United States,,Hound Group,,,,,Scenthound
Podenco Canario,Spain,Group 05 Section 07 #329,,,,,,Sighthound and Pariah
Poitevin,France,Group 06 Section 01 #024,,,,,,Scenthound
Polish Greyhound,Poland,Group 10 Section 03 #333,,,,,,Sighthound and Pariah
Polish Hound,Poland,Group 06 Section 01 #052,,,,,,Scenthound
Polish Hunting Dog,Poland,Group 06 Section 01 #354,,,,,,
Polish Lowland Sheepdog,Poland,Group 01 Section 01 #251,Herding Group,Group 05 (Working Dogs),Group 07 - Herding Dogs,Pastoral,Working,Herding Dog
Polish Tatra Sheepdog,Poland,Group 01 Section 01 #252,,Group 05 (Working Dogs),"Group 07 - Herding Dogs, listed",,Working,Guardian Dog
Pomeranian,"Germany, Poland",Group 05 Section 04 #097,Toy Group,Group 01 (Toys),Group 05 - Toys,Toy,Toy,Companion Dog
Pont-Audemer Spaniel,France,Group 07 Section 01 #114,,,,,,
Poodle,"Germany, France",Group 09 Section 02 #172,"Non-Sporting Group (Standard Poodle and Minature Poodle), Toy Group (Toy Poodle)",Group 07 (Non-Sporting),"Group 05 - Toys, Group 06 - Non-Sporting",Utility,Non Sporting,"Companion Dog, Gun Dog"
Porcelaine,France,Group 06 Section 01 #030,FSS,,,,,Scenthound
Portuguese Podengo,Portugal,Group 05 Section 07 #094,"Hound (Pequeno), Miscellaneous (Grande and Medio)",Group 04 (Hounds),,Hound,Hound,Sighthound and Pariah
Portuguese Pointer,Portugal,Group 07 Section 01 #187,FSS,,,Gundog,,Gun Dog
Portuguese Water Dog,Portugal,Group 08 Section 03 #037,Working Group,Group 06 (Utility),Group 03 - Working Dogs,Working,Utility,Gun Dog
Posavac Hound,Croatia,Group 06 Section 01 #154,,,,,,Scenthound
Posavski Gonič aka Posavac Hound 2.JPG,,,,,,,,
,,,,,,,,
Potsdam Greyhound,Italy,Extinct,Extinct,Extinct,Extinct,Extinct,Extinct,Extinct
Pražský Krysařík,Czech Republic,,,,,,,
Pudelpointer,Germany,Group 07 Section 01 #216,FSS,,Group 01 - Sporting Dogs,,,Gun Dog
Pug,China,Group 09 Section 11 #253,Toy Group,Group 01 (Toys),Group 05 - Toys,Toy,Toy,Companion Dog
Puli,Hungary,Group 01 Section 01 #055,Herding Group,Group 05 (Working Dogs),Group 07 - Herding Dogs,Pastoral,Working,Herding Dog
Pumi,Hungary,Group 01 Section 01 #056,Herding Group,Group 05 (Working Dogs),,Pastoral,Working,Herding Dog
Pungsan dog,North Korea,,,,,,,
Pyrenean Mastiff,Spain,Group 02 Section 02 #092,FSS,Group 06 (Utility),,Working,Utility,Guardian Dog
Pyrenean Shepherd,France,"Group 01 Section 01 #138 (smooth), #141 (longhaired)",Herding Group,Group 05 (Working Dogs) (longhaired only),Group 07 - Herding Dogs,Pastoral (longhaired only),Working (longhaired only),Herding Dog
Rafeiro do Alentejo,Portugal,Group 02 Section 02 #096,FSS,,,,,Guardian Dog
Rajapalayam,India,,,,,,,
Rampur Greyhound,India,,,,,,,
Rastreador Brasileiro,Brazil,Extinct,Extinct,Extinct,Extinct,Extinct,Extinct,Extinct
Rat Terrier,United States,,Terrier Group,,"Group 04 - Terriers, listed",,,Terrier
Ratonero Bodeguero Andaluz,Spain,,,,,,,
Ratonero Mallorquin,Spain,,,,,,,
Ratonero Murciano de Huerta,Spain,,,,,,,
Ratonero Valenciano,Spain,,,,,,,
Redbone Coonhound,United States,,Hound Group,,,,,Scenthound
Rhodesian Ridgeback,Zimbabwe,Group 06 Section 03 #146,Hound Group,Group 04 (Hounds),Group 02 - Hounds,Hound,Hound,Sighthound and Pariah
Romanian Mioritic Shepherd Dog,Romania,Group 01 Section 01 #349,FSS,,,,,Herding Dog
Mioritic.jpg,,,,,,,,
,,,,,,,,
Romanian Raven Shepherd Dog,Romania,,,,,,,
Rottweiler,Germany,Group 02 Section 02 #147,Working Group,Group 06 (Utility),Group 03 - Working Dogs,Working,Utility,Guardian Dog
Russian Salon Dog,Russia,,,,,,,
Russian Spaniel,Russia,,,,,,,
Russian Toy,Russia,Group 09 Section 09 #352,Miscellaneous,Group 01 (Toys),"Group 05 - Toys, listed",Toy,Toy,Companion Dog
Russian Tracker,Russia,Extinct,Extinct,Extinct,Extinct,Extinct,Extinct,Extinct
Russo-European Laika,Russia,Group 05 Section 02 #304,,,,,,Northern Breed
Russell Terrier,United Kingdom (England),,Terrier Group,Group 02 (Terriers),"Group 04 - Terriers, listed",,,
Saarloos Wolfdog,"Netherlands, Germany",Group 01 Section 01 #311,,,,,,Herding Dog
Sabueso Español,Spain,Group 06 Section 01 #204,,,,,,Scenthound
Sabueso fino Colombiano,Colombia,,,,,,,
Saint Bernard,"Italy, Switzerland",Group 02 Section 02 #061,Working Group,Group 06 (Utility),Group 03 - Working Dogs,Working,Utility,Guardian Dog
Saint John's water dog,"Newfoundland, Canada",Extinct,Extinct,Extinct,Extinct,Extinct,Extinct,Extinct
Saint-Usuge Spaniel,France,,,,,,,
Sakhalin Husky,"Japan, Russia",Extinct,Extinct,Extinct,Extinct,Extinct,Extinct,Extinct
Sakhalin Husky Jiro.JPG,,,,,,,,
,,,,,,,,
Salish Wool Dog,"United States, Canada",Extinct,Extinct,Extinct,Extinct,Extinct,Extinct,Extinct
Saluki,Fertile Crescent,Group 10 Section 01 #269,Hound Group,Group 04 (Hounds),Group 02 - Hounds,Hound,Hound,Sighthound and Pariah
Samoyed,Russia,Group 05 Section 01 #212,Working Group,Group 06 (Utility),Group 03 - Working Dogs,Pastoral,Utility,Northern Breed
Sapsali,Korea,,,,,,,
Šarplaninac,"Serbia, North Macedonia",Group 02 Section 02 #041,,,,,,Guardian Dog
Schapendoes,Netherlands,Group 01 Section 01 #313,FSS,,Group 07 - Herding Dogs,,,Herding Dog
Schillerstövare,Sweden,Group 06 Section 01 #131,,,,,,Scenthound
Schipperke,Belgium,Group 01 Section 01 #083,Non-Sporting Group,Group 07 (Non-Sporting),Group 06 - Non-Sporting,Utility,Non Sporting,Companion Dog
Schweizer Laufhund,Switzerland,Group 06 Section 01 #059,,,,,,Scenthound
Schweizerischer Niederlaufhund,Switzerland,Group 06 Section 01 #060,,,,,,Scenthound
Scotch Collie,United Kingdom (Scotland),,,,,,,
Scottish Deerhound,United Kingdom (Scotland),Group 10 Section 02 #164,Hound Group,Group 04 (Hounds),Group 02 - Hounds,Hound,Hound,Sighthound and Pariah
Scottish Terrier,United Kingdom (Scotland),Group 03 Section 02 #073,Terrier Group,Group 02 (Terriers),Group 04 - Terriers,Terrier,Terrier,Terrier
Sealyham Terrier,United Kingdom (Wales),Group 03 Section 02 #074,Terrier Group,Group 02 (Terriers),Group 04 - Terriers,Terrier,Terrier,Terrier
Segugio Italiano,Italy,Group 06 Section 01 #337 #198,FSS,,,Hound,,Scenthound
Seppala Siberian Sleddog,Canada,,,,,,,
Serbian Hound,Serbia,Group 06 Section 01 #150,,,,,,Scenthound
Serbian Tricolour Hound,Serbia,Group 06 Section 01 #229,,,,,,Scenthound
Seskar Seal Dog,Finland,Extinct,Extinct,Extinct,Extinct,Extinct,Extinct,Extinct
Shar Pei,China,Group 02 Section 02 #309,Non-Sporting Group,Group 07 (Non-Sporting),Group 06 - Non-Sporting,Utility,Non Sporting,Northern Breed
Shetland Sheepdog,United Kingdom (Scotland),Group 01 Section 01 #088,Herding Group,Group 05 (Working Dogs),Group 07 - Herding Dogs,Pastoral,Working,Herding Dog
Shiba Inu,Japan,Group 05 Section 05 #257,Non-Sporting Group,Group 06 (Utility),Group 06 - Non-Sporting,Utility,Utility,Northern Breed
Shih Tzu,China,Group 09 Section 05 #208,Toy Group,Group 07 (Non-Sporting),Group 06 - Non-Sporting,Utility,Non Sporting,Companion Dog
Shikoku,Japan,Group 05 Section 05 #319,FSS,,"Group 02 - Hounds, listed",,,Northern Breed
Shiloh Shepherd,United States,,,,,,,
Siberian Husky,Russia,Group 05 Section 01 #270,Working Group,Group 06 (Utility),Group 03 - Working Dogs,Working,Utility,Northern Breed
Silken Windhound,United States,,,,,,,Sighthound and Pariah
Silky Terrier,Australia,Group 03 Section 04 #236,Toy Group,Group 01 (Toys),Group 05 - Toys,Toy,Toy,Terrier
Sinhala Hound,Sri Lanka,,,,,,,
Skye Terrier,United Kingdom (Scotland),Group 03 Section 02 #075,Terrier Group,Group 02 (Terriers),Group 04 - Terriers,Terrier,Terrier,Terrier
Sloughi,Morocco,Group 10 Section 03 #188,Hound Group,Group 04 (Hounds),,Hound,Hound,Sighthound and Pariah
Slovak Cuvac,Slovakia,Group 01 Section 01 #142,FSS,,,,,Guardian Dog
Slovakian Wirehaired Pointer,Slovakia,Group 07 Section 01 #320,FSS,,,Gundog,,Gun Dog
Slovenský kopov,Slovakia,Group 06 Section 01 #244,FSS,,,,,Scenthound
Smålandsstövare,Sweden,Group 06 Section 01 #129,,,,,,Scenthound
Small Greek Domestic Dog,Greece,,,,,,,
Soft-Coated Wheaten Terrier,Ireland,Group 03 Section 01 #040,Terrier Group,Group 02 (Terriers),Group 04 - Terriers,Terrier,Terrier,Terrier
South Russian Ovcharka,Russia,Group 01 Section 01 #326,,,,,,Herding Dog
Southern Hound,United Kingdom (England),Extinct,Extinct,Extinct,Extinct,Extinct,Extinct,Extinct
Spanish Mastiff,Spain,Group 02 Section 02 #091,FSS,,,,Utility,Guardian Dog
Spanish Water Dog,Spain,Group 08 Section 03 #336,Herding Group,Group 03 (Gundogs),"Group 07 - Herding Dogs, listed",Gundog,Gundog,Herding Dog
Spinone Italiano,Italy,Group 07 Section 01 #165,Sporting Group,Group 03 (Gundogs),Group 01 - Sporting Dogs,Gundog,Gundog,Gun Dog
Sporting Lucas Terrier,United Kingdom (England),,,,,,,Terrier
Stabyhoun,Netherlands,Group 07 Section 01 #222,FSS,,,,,Gun Dog
Staffordshire Bull Terrier,United Kingdom (England),Group 03 Section 03 #076,Terrier Group,Group 02 (Terriers),Group 04 - Terriers,Terrier,Terrier,Terrier
Standard Schnauzer,Germany,Group 02 Section 01 #182,Working Group,Group 06 (Utility),Group 03 - Working Dogs,Utility,Utility,Guardian Dog
Stephens Cur,United States,,,,,,,Scenthound
Styrian Coarse-haired Hound,Austria,Group 06 Section 01 #062,,,,,,Scenthound
Sussex Spaniel,United Kingdom (England),Group 08 Section 02 #127,Sporting Group,Group 03 (Gundogs),Group 01 - Sporting Dogs,Gundog,Gundog,Gun Dog
Swedish Lapphund,Sweden,Group 05 Section 03 #135,FSS,Group 05 (Working Dogs),,Pastoral,,Northern Breed
Swedish Vallhund,Sweden,Group 05 Section 03 #014,Herding Group,Group 05 (Working Dogs),Group 07 - Herding Dogs,Pastoral,Working,Herding Dog
Tahitian Dog,"Tahiti, Society Islands (French Polynesia)",Extinct,Extinct,Extinct,Extinct,Extinct,Extinct,Extinct
Tahltan Bear Dog,Canada,Extinct,Extinct,Extinct,Extinct,Extinct,Extinct,Extinct
Taigan,Kyrgyzstan,,,,,,,
Taiwan Dog,Taiwan,Group 05 Section 07 #348,FSS,,,,,
Talbot Hound,"United Kingdom (England), Belgium, France",Extinct,Extinct,Extinct,Extinct,Extinct,Extinct,Extinct
Tamaskan Dog,Finland,,,,,,,
Teddy Roosevelt Terrier,United States,,FSS,,,,,Terrier
Telomian,Malaysia,,,,,,,
Tenterfield Terrier,Australia,,,Group 02 (Terriers),,,Terrier,
Terceira Mastiff,Portugal,,,,,,,
Thai Bangkaew Dog,Thailand,Group 05 Section 05 #358 Provisional,,,,,,
Thai Ridgeback,Thailand,Group 05 Section 07 #338,FSS,,,,Hound,Sighthound and Pariah
Tibetan Mastiff,Tibet,Group 02 Section 02 #230,Working Group,Group 06 (Utility),"Group 03 - Working Dogs, listed",Working,Utility,Guardian Dog
Tibetan Spaniel,Tibet,Group 09 Section 05 #231,Non-Sporting Group,Group 01 (Toys),Group 06 - Non-Sporting,Utility,Non Sporting,Companion Dog
Tibetan Terrier,Tibet,Group 09 Section 05 #209,Non-Sporting Group,Group 07 (Non-Sporting),Group 06 - Non-Sporting,Utility,Non Sporting,Companion Dog
Tornjak,"Bosnia and Herzegovina, Croatia",Group 02 Section 02 #355,FSS,,,,,Guardian Dog
Tosa,Japan,Group 02 Section 02 #260,FSS,,,,,Guardian Dog
Toy Bulldog,United Kingdom (England),Extinct,Extinct,Extinct,Extinct,Extinct,Extinct,Extinct
Toy Fox Terrier,United States,,Toy Group,,Group 05 - Toys,,,Terrier
Toy Manchester Terrier,"United Kingdom (England), United States",,Toy Group,,Group 05 - Toys,,,Terrier
Toy Trawler Spaniel,United Kingdom (England),Extinct,Extinct,Extinct,Extinct,Extinct,Extinct,Extinct
Transylvanian Hound,Hungary,Group 06 Section 01 #241,FSS,,,,,Scenthound
Treeing Cur,United States,,,,,,,Scenthound
Treeing Tennessee Brindle,United States,,FSS,,,,,Scenthound
Treeing Walker Coonhound,United States,,Hound Group,,,,,Scenthound
Trigg Hound,"Kentucky, United States",,,,,,,
Tweed Water Spaniel,United Kingdom (Scotland),Extinct,Extinct,Extinct,Extinct,Extinct,Extinct,Extinct
Tyrolean Hound,Austria,Group 06 Section 01 #068,,,,,,Scenthound
Cimarrón Uruguayo,Uruguay,Group 02 Section 02 #353,,,,,,Guardian Dog
Vanjari Hound,India,,,,,,,
Villano de Las Encartaciones,Spain,,,,,,,
Villanuco de Las Encartaciones,Spain,,,,,,,
Vizsla,Hungary,Group 07 Section 01 #057,Sporting Group,Group 03 (Gundogs),Group 01 - Sporting Dogs,Gundog,Gundog,Gun Dog
Volpino Italiano,Italy,Group 05 Section 04 #195,,,,,,Northern Breed
Weimaraner,Germany,Group 07 Section 01 #099,Sporting Group,Group 03 (Gundogs),Group 01 - Sporting Dogs,Gundog,Gundog,Gun Dog
"Welsh Corgi, Cardigan",United Kingdom (Wales),Group 01 Section 01 #038,Herding Group,Group 05 (Working Dogs),Group 07 - Herding Dogs,Pastoral,Working,Herding Dog
"Welsh Corgi, Pembroke",United Kingdom (Wales),Group 01 Section 01 #039,Herding Group,Group 05 (Working Dogs),Group 07 - Herding Dogs,Pastoral,Working,Herding Dog
Welsh Sheepdog,United Kingdom (Wales),,,,,,,
Welsh Springer Spaniel,United Kingdom (Wales),Group 08 Section 02 #126,Sporting Group,Group 03 (Gundogs),Group 01 - Sporting Dogs,Gundog,Gundog,Gun Dog
Welsh Terrier,United Kingdom (Wales),Group 03 Section 01 #078,Terrier Group,Group 02 (Terriers),Group 04 - Terriers,Terrier,Terrier,Terrier
West Highland White Terrier,United Kingdom (Scotland),Group 03 Section 02 #085,Terrier Group,Group 02 (Terriers),Group 04 - Terriers,Terrier,Terrier,Terrier
West Siberian Laika,Russia,Group 05 Section 02 #306,,,,,,Northern Breed
Westphalian Dachsbracke,Germany,Group 06 Section 01 #100,,,,,,Scenthound
Wetterhoun,Netherlands,Group 08 Section 03 #221,,,,,,Gun Dog
Whippet,United Kingdom (England),Group 10 Section 03 #162,Hound Group,Group 04 (Hounds),Group 02 - Hounds,Hound,Hound,Sighthound and Pariah
White Shepherd,United States,,,,,,,Herding Dog
Wirehaired Pointing Griffon,"Netherlands, France",Group 07 Section 01 #107,Sporting Group,,Group 01 - Sporting Dogs,Gundog,,Gun Dog
Wirehaired Vizsla,Hungary,Group 07 Section 01 #239,Sporting Group,Group 03 (Gundogs),Group 01 - Sporting Dogs,Gundog,Gundog,Gun Dog
Xiasi Dog,China,,,,,,,
Xoloitzcuintli,Mexico,Group 05 Section 06 #234,Non-Sporting Group,Group 07 (Non-Sporting),"Group 05 - Toys, Group 06 - Non-Sporting",Utility,Non Sporting,Sighthound and Pariah
Yakutian Laika,Russia,,FSS,,,,,
Yorkshire Terrier,United Kingdom (England),Group 03 Section 04 #086,Toy Group,Group 01 (Toys),Group 05 - Toys,Toy,Toy,Companion Dog
Breed,Origin,Fédération Cynologique Internationale,American Kennel Club,Australian National Kennel Council,Canadian Kennel Club,The Kennel Club,New Zealand Kennel Club,United Kennel Club